frame,time,MET_X1,MET_Y1,HEEL_X1,HEEL_Y1,MALLEOL_X1,MALLEOL_Y1,FIBULA_X1,FIBULA_Y1,FEM_ALT_X1,FEM_ALT_Y1,FEM_UST_X1,FEM_UST_Y1,ASIS_X1,ASIS_Y1,ACR_X1,ACR_Y1,knee_angle,hip_angle,ankle_angle,derivative_knee_angle,derivative_hip_angle,derivative_ankle_angle,acceleration_knee_angle,acceleration_hip_angle,dacceleration_erivative_ankle_angle
8,0,0,0,0,0,0,0,0,0,0,0,0,0,0,0,0,0,180,0,180,0,0,0,0,0,0
0,0,0,0,0,0,0,0,0,0,0,0,0,0,0,0,0,0,180,0,180,0,0,0,0,0,0
0,0,0,0,0,0,0,0,0,0,0,0,0,0,0,0,0,0,180,0,180,0,0,0,0,0,0
0,0,0,0,0,0,0,0,0,0,0,0,0,0,0,0,0,0,180,0,180,0,0,0,0,0,0
1,1.117152,16.34681022,3.069289073,27.47405704,11.48325428,23.70429778,15.38349591,18.14161406,49.67002155,14.9988779,55.84619184,29.92879025,92.38205712,23.83670365,103.3844186,0,0,148.557816948971,170.756691191028,117.879634863396,-31.4421830510293,170.756691191028,-62.1203651366036,-31.4421830510293,170.756691191028,-62.1203651366036
2,1.124048,16.4923276,2.635421758,27.91195159,9.458092675,23.85303695,13.21308541,17.59265702,47.1355493,14.48825245,53.35526131,29.81266951,89.7736356,23.49717083,100.6265936,0,0,148.325607774936,170.701032188479,116.963712350498,-0.232209174034864,-0.0556590025486798,-0.915922512898305,31.2099738769944,-170.812350193577,61.2044426237053
3,1.130944,16.20236677,2.924308658,29.07447973,6.855425751,25.44728454,11.91363133,16.71529655,44.58189104,13.94897671,51.02934516,29.6718259,87.26777361,23.50143364,98.32893894,0,0,147.919375574138,170.631868471121,115.419478505979,-0.40623220079803,-0.0691637173585491,-1.54423384451931,-0.174023026763166,-0.0135047148098693,-0.628311331621006
4,1.13784,16.49071671,3.503693352,29.07609062,5.987154157,27.04180062,10.46946531,16.11296518,42.46944865,12.9788152,48.70913952,29.45035941,84.64027083,23.39251884,95.11200931,0,0,147.284963873833,170.542396681669,113.171600345408,-0.634411700304724,-0.0894717894513235,-2.24787816057072,-0.228179499506695,-0.0203080720927744,-0.70364431605141
5,1.144736,16.49125367,3.214269487,29.2186547,7.145118098,27.04394848,9.311769849,15.58980194,40.4487452,12.34136934,46.58122002,29.415912,82.05735627,23.6269734,92.5850155,0,0,146.400062187097,170.425154579462,110.322631241428,-0.884901686736299,-0.117242102207427,-2.84896910397958,-0.250489986431575,-0.027770312756104,-0.601090943408863
6,1.151632,17.06828849,3.074673554,29.21919166,6.855694233,27.33417779,8.878171016,14.89619095,39.17463608,11.47680052,44.88678232,29.41653719,79.90388299,23.86142795,90.05802168,0,0,145.276149560292,170.272744535087,107.120830534735,-1.12391262680458,-0.1524100443755,-3.20180070669325,-0.239010940068283,-0.0351679421680728,-0.352831602713664
7,1.158528,16.63489168,3.793385699,29.21946014,6.710982301,27.33283538,9.601730678,13.09710108,38.66251781,9.728553471,44.70385358,29.6296497,78.34588671,24.32543483,87.64633687,0,0,143.923224904652,170.072147514258,103.805892906468,-1.35292465564066,-0.200597020828809,-3.31493762826753,-0.229012028836081,-0.0481869764533087,-0.113136921574281
8,1.165424,17.06898078,3.071689623,29.36363511,7.000674648,26.02935406,10.17816207,11.07059706,38.94818293,7.786120882,44.75022038,29.97277664,76.76432887,24.90453758,85.11998248,23.8,130,142.310969470922,169.802206556384,100.494913681067,-1.61225543372936,-0.269940957873331,-3.310979225401,-0.259330778088696,-0.0693439370445219,0.00395840286653026
9,1.17232,17.06990296,3.072285467,29.36390359,6.855962715,25.01583357,10.46570656,8.899381114,39.23357956,5.751801842,44.92055823,30.53648828,75.01060788,25.59703108,83.39802034,23.6,128,140.36081363821,169.442478088912,97.2064085079905,-1.95015583271208,-0.359728467472308,-3.28850517307613,-0.337900398982725,-0.0897875095989775,0.022474052324867
10,1.179216,17.06831684,3.072238539,29.36390359,6.855962715,24.72587274,10.75459346,7.307012894,39.52005012,4.092373096,44.95599671,31.02522232,73.2978629,25.59937562,82.13431029,22.5,126,137.961298490914,168.987048180819,93.9339718039366,-2.39951514729577,-0.455429908093265,-3.27243670405393,-0.449359314583688,-0.0957014406209566,0.0160684690222013
11,1.186112,17.07003546,3.072993783,29.36417208,6.711250783,24.58062384,11.04374884,5.715718603,39.22767295,2.880474242,44.93576771,31.42107623,71.74761601,26.06189052,80.52680461,21.8,124,134.984871796106,168.473717957367,90.6732316789374,-2.97642669480817,-0.513330223451447,-3.26074012499926,-0.576911547512395,-0.0579003153581823,0.0116965790546715
12,1.193008,17.06908233,3.072391924,29.36444056,6.566538851,24.72533577,11.04401732,5.861235982,38.79380563,2.1465699,44.49975821,31.55268717,70.24982271,26.06508763,78.80356363,21.4,122,131.307437167823,168.081552769838,87.4185208419685,-3.67743462828338,-0.392165187529571,-3.25471083696881,-0.701007933475211,0.121165035921877,0.00602928803044733
13,1.199904,17.06915668,3.071765911,29.36444056,6.566538851,24.58035536,11.18846077,4.994575282,37.92392315,1.748787355,43.80058392,31.56380223,68.84221532,26.41101466,78.11490666,20.7,120,126.844036159012,168.460488793861,84.1715220377093,-4.46340100881093,0.37893602402275,-3.24699880425928,-0.785966380527555,0.77110121155232,0.00771203270953436
14,1.2068,17.06958594,3.072708136,29.36470904,6.421826918,24.58142929,10.60961304,4.852011207,36.7659592,1.586826446,42.9012341,31.55318871,67.52452258,26.87225072,77.19669737,19.9,118,121.598216694484,172.259611739202,80.9596273654564,-5.24581946452815,3.7991229453412,-3.21189467225287,-0.78241845571722,3.42018692131845,0.0351041320064098
15,1.213696,17.06869452,3.074064871,29.36470904,6.421826918,24.87085315,10.61015001,4.563661272,36.18657451,1.485140211,41.93426959,31.53171226,66.1039424,26.64504294,75.81767831,19.8,116,115.707602185607,161.286967118019,77.8453268918568,-5.89061450887627,-10.9726446211825,-3.11430047359957,-0.644795044348115,-14.7717675665237,0.0975941986532973
16,1.220592,17.06929716,3.073864708,29.36497752,6.277114986,24.7264097,10.46516959,4.420560233,35.31803443,1.312919917,41.1157416,31.53762187,64.62812025,27.56751504,73.98125972,19.3,115,109.464392892967,69.5153084214826,74.9194934751447,-6.24320929264015,-91.7716586965365,-2.92583341671209,-0.352594783763877,-80.799014075354,0.188467056887475
17,1.227488,17.06916,3.071466196,29.50888401,6.711519265,24.87112164,10.46543807,4.277727676,34.30478243,1.079170447,40.35737189,31.65713349,63.28717552,27.91429464,72.83307183,18.8,113,103.285527159668,53.1006691910297,72.2825010164907,-6.17886573329928,-16.4146392304529,-2.63699245865405,0.0643435593408697,75.3570194660836,0.288840958058046
18,1.234384,17.0691108,3.071869136,29.50942097,6.422095401,24.8716586,10.17601421,4.277996159,34.16007049,0.6323895065,39.86843928,31.97642806,61.92887208,28.14725721,71.11025713,18.3,112,97.6204380549511,51.6900192806911,70.0211179303304,-5.66508910471697,-1.41064991033858,-2.26138308616029,0.513776628582306,15.0039893201143,0.375609372493756
19,1.24128,17.06950864,3.073620201,29.50942097,6.422095401,24.43725432,10.31992069,3.843323397,34.44868891,0.1215288891,39.8180838,33.0270754,60.40635821,28.37803678,70.23817818,17.8,110,92.8278013135227,53.1239816597764,68.1876881086099,-4.79263674142832,1.43396237908531,-1.83342982172053,0.872452363288645,2.84461228942389,0.427953264439765
20,1.248176,17.06868431,3.071996227,29.50968946,6.277383468,24.7264097,10.46516959,3.408919118,34.5925954,-0.3809541786,39.82735913,33.02976022,58.95923889,28.81512588,68.64715237,17.2,109,89.0807054567131,55.361138964698,66.786563246835,-3.74709585680965,2.23715730492162,-1.40112486177487,1.04554088461867,0.803194925836308,0.432304959945654
21,1.255072,17.06983506,3.072743071,29.51076338,5.698535739,24.72614122,10.60988152,3.119763736,34.4473465,-0.762990128,39.84160157,33.32106347,57.94679233,28.67175636,67.92332422,16.9,108,86.3391999483045,57.9389255800072,65.7682398341734,-2.74150550840861,2.57778661530913,-1.01832341266154,1.00559034840104,0.340629310387513,0.38280144911333
22,1.261968,17.06929851,3.071056171,29.64935605,6.140247551,24.6910019,10.64722082,2.541184489,34.30156064,-1.016003158,39.81925585,33.46684933,57.36821308,28.67363573,66.9103407,16.7,107,84.3918086242182,60.8734250336276,65.0313766081804,-1.94739132408628,2.93449945362045,-0.736863225993091,0.794114184322325,0.356712838311324,0.281460186668454
23,1.268864,17.06894259,3.073664026,29.65007565,6.137500042,24.6676098,10.67262206,2.107317174,34.15604326,-1.131336295,39.78170885,33.75788408,56.50047845,28.82022704,65.89762565,16,105,82.9399256194525,64.3045532432728,64.4458896023667,-1.45188300476566,3.43112820964517,-0.585487005813619,0.495508319320621,0.49662875602472,0.151376220179472
24,1.27576,17.06864697,3.071283523,29.65065038,6.139452737,24.67751033,10.65777097,1.817893309,34.1555063,-1.142959496,39.74436168,34.04784491,56.21159155,29.25543677,65.31958337,16.1,104,81.6865496115882,68.2775065384004,63.8946787509115,-1.25337600786429,3.9729532951276,-0.551210851455281,0.198506996901372,0.541825085482422,0.0342761543583379
25,1.282656,17.07033883,3.071598431,29.65067183,6.13934234,24.69515959,10.64078257,2.397009521,34.01186829,-1.045727481,39.73300001,34.62830354,55.34439388,29.54566608,64.88598454,15.4,103,80.4020835480204,72.6021573075653,63.304078557733,-1.28446606356783,4.32465076916492,-0.59060019317846,-0.0310900557035438,0.351697474037323,-0.0393893417231794
26,1.289552,17.06893278,3.073059697,29.65120121,6.139670492,24.71497446,10.61925157,1.818161792,34.01079436,-0.9996300532,39.69467368,34.19577863,54.47531684,29.40390745,63.2938848,15.6,101,78.9572073853539,76.849742923456,62.650933281379,-1.44487616266649,4.24758561589069,-0.653145276353982,-0.160410099098655,-0.0770651532742335,-0.0625450831755217
27,1.296448,17.07069947,3.071071704,29.65124966,6.143593371,24.72461371,10.60219725,1.818967238,33.57665857,-0.9891728345,39.57952379,34.63125684,53.75256263,29.98436607,62.42668714,14.7,101,77.3199295119007,80.5330855768171,61.9528330140215,-1.63727787345326,3.68334265336108,-0.698100267357532,-0.192401710786768,-0.564242962529605,-0.04495499100355
28,1.303344,17.07063837,2.925919552,29.65134109,6.133496331,24.73477227,10.59205034,1.819772685,33.14252277,-0.961049949,39.44587905,34.34371235,52.73904214,29.84045959,61.99228286,14.9,99.3,75.5255253420879,83.3586981990567,61.2479021010552,-1.79440416981274,2.82561262223959,-0.704930912966248,-0.157126296359479,-0.857730031121491,-0.00683064560871571
29,1.31024,17.07036989,3.070631484,29.65140435,6.141909772,24.74433061,10.57962826,2.108928067,33.28777167,-0.9450122597,39.30854719,34.77919056,52.01628792,30.13149434,61.12454823,14.3,98.6,73.6414545237823,85.3403277297576,60.5770957387407,-1.88407081830564,1.98162953070091,-0.670806362314579,-0.0896666484929085,-0.843983091538675,0.0341245506516685
30,1.317136,17.06994303,3.072372016,29.65143637,6.135695876,24.76081503,10.56602677,2.25364,33.28804015,-0.9408432987,39.23892769,34.78106994,51.0033044,30.42199214,60.54623746,13.8,97.5,71.7440586495581,86.7140834854789,59.976428986312,-1.89739587422419,1.37375575572133,-0.600666752428609,-0.0133250559185427,-0.607873774979581,0.0701396098859703
31,1.324032,17.0686003,3.073705614,29.65145339,6.136445705,24.75792959,10.56980423,1.963679171,33.57692705,-0.9318023693,39.23253354,34.96349054,50.55882343,30.56804648,59.82294628,13.2,96.6,69.9063494993547,87.7811328455028,59.4739499963842,-1.83770915020341,1.06704936002383,-0.502478989927823,0.0596867240207786,-0.306706395697503,0.0981877625007854
32,1.330928,17.07004253,3.073043823,29.65159866,6.138827534,24.75484768,10.57956401,2.399157379,32.85417283,-0.9157253436,39.24984794,35.19453484,49.86995332,30.57019434,58.66525082,13.4,95.7,68.1887894741123,88.7967341541744,59.0867620800736,-1.71756002524236,1.01560130867169,-0.387187916310623,0.120149124961046,-0.0514480513521391,0.1152910736172
33,1.337824,17.07063837,2.925919552,29.65178214,6.139987308,24.7471213,10.58944409,2.10919655,33.14305973,-0.9264617449,39.29549177,35.19623997,48.95089147,30.71490627,58.66551931,13.1,94.6,66.6299516510291,89.9272068646795,58.8187826970457,-1.55883782308317,1.13047271050502,-0.267979383027935,0.158722202159197,0.114871401833327,0.119208533282688
34,1.34472,17.06866437,3.073328265,29.65190788,6.137975988,24.74173052,10.5974345,2.109465032,32.9983478,-0.9122908589,39.33048283,35.19645311,48.83600874,31.29563338,57.65360971,12.2,93.8,65.2408366771489,91.2549509628375,58.6614990523017,-1.38911497388024,1.32774409815808,-0.157283644743998,0.169722849202927,0.197271387653061,0.110695738283937
35,1.351616,17.06934223,3.070320938,29.65194562,6.139430379,24.73889452,10.60284422,2.253908482,33.14332822,-0.8592422307,39.37728034,35.65704974,48.26244764,31.44115076,57.21974239,12,93.1,64.0090947012856,92.805649853583,58.5963708192858,-1.23174197586334,1.55069889074549,-0.0651282330158836,0.157372998016896,0.222954792587416,0.0921554117281147
36,1.358512,17.07002632,3.07259987,29.65197397,6.141411198,24.73632892,10.60580794,2.687238832,33.57826946,-0.796582114,39.41458758,35.65747602,48.03268218,31.7308431,57.07556743,11.8,92.6,62.9131275457947,94.5698378933229,58.5992114350174,-1.09596715549084,1.76418803973984,0.00284061573164252,0.135774820372504,0.213489148994341,0.0679688487475261
37,1.365408,17.06918216,3.073069073,29.65202252,6.141212635,24.73400273,10.60572308,2.397546485,33.72244443,-0.7646071937,39.4419984,35.82110826,47.62796775,32.02241483,55.91840893,11.8,91.7,61.9374365461536,96.5088271422198,58.6497159530825,-0.975690999641117,1.93898924889695,0.0505045180651251,0.120276155849723,0.17480120915711,0.0476639023334826
38,1.372304,17.07061383,3.071893537,29.6520619,6.14039993,24.7329957,10.60712487,2.687507314,33.43355753,-0.7179162716,39.48964601,36.03326605,47.31737017,31.58881599,55.62817962,11,91,61.0779218031066,98.5556215341241,58.7380449152098,-0.859514743047001,2.04679439190429,0.0883289621272354,0.116176256594116,0.10780514300734,0.0378244440621103
39,1.3792,17.06903255,3.071139166,29.65237556,6.141762971,24.73455092,10.60751271,2.686433385,34.01240526,-0.5732882951,39.07628268,36.18691116,47.00488396,32.16846917,55.19511775,11.1,89.8,60.3357982922445,100.622623560578,58.8609260184219,-0.742123510862115,2.06700202645416,0.122881103212137,0.117391232184886,0.0202076345498767,0.0345521410849017
40,1.386096,17.06844616,3.072486211,29.65238661,6.135437742,24.73596131,10.60640175,2.8314138,33.86796181,-0.08629059166,39.40225452,36.27610228,46.62459579,32.3131811,55.19538624,10.7,89.5,59.7122222515356,102.618722210811,59.0162810573033,-0.623576040708841,1.99609865023301,0.15535503888141,0.118547470153274,-0.0709033762211533,0.0324739356692731
41,1.392992,17.06976776,3.074898053,29.65255084,6.142986148,24.73698996,10.60555269,2.687507314,33.43355753,-0.08568749853,39.07718732,36.35051866,46.23617375,32.16981158,54.47155809,10.5,89.1,59.2054456493995,104.469221691688,59.2007381936475,-0.506776602136199,1.85049948087651,0.184457136344122,0.116799438572642,-0.145599169356501,0.0291020974627116
42,1.399888,17.07015124,3.071150784,29.65255893,6.14038225,24.73804541,10.6067132,2.687775797,33.2888456,0.2393796992,39.07779042,36.35251564,45.97529217,32.48624937,55.14596243,10.3,88.7,58.8030342949255,106.127764718591,59.4041507327553,-0.402411354473998,1.65854302690342,0.203412539107802,0.104365247662201,-0.191956453973091,0.0189554027636802
43,1.406784,17.06911866,3.073007732,29.65256646,6.140635405,24.73440963,10.60701322,3.121643111,33.43436297,0.4016117515,39.24062556,36.47362447,45.79744182,32.74545221,54.37313627,10.2,87.8,58.4777308230416,107.578577778907,59.6063933125968,-0.325303471883899,1.45081306031534,0.202242579841538,0.0771078825900986,-0.207729966588076,-0.00116995926626373
44,1.41368,17.07063884,3.06975626,29.65260668,6.136799187,24.73419622,10.60805288,3.265818079,33.72405532,0.2381735129,39.72792481,36.67392324,45.48976504,32.74640867,53.85760002,9.79,87.5,58.1957509598677,108.836038889432,59.7861072730417,-0.281979863173831,1.2574611105259,0.179713960444872,0.0433236087100681,-0.193351949789445,-0.0225286193966667
45,1.420576,17.069005,3.071326803,29.65267844,6.139453855,24.73336455,10.60985616,3.410261529,33.86903574,0.4016117515,39.24062556,36.73347342,45.31342142,33.00441592,53.72919419,9.79,87.3,57.9288593764847,109.939641308049,59.9345574086458,-0.266891583383071,1.10360241861663,0.148450135604165,0.0150882797907599,-0.153858691909264,-0.0312638248407069
46,1.427472,17.06851061,3.071165775,29.65274048,6.136968779,24.73433151,10.60853092,3.120569182,34.0132107,0.2387766061,39.40285761,37.38625865,45.04892826,32.74736514,53.34206376,9.79,87.1,57.6613605538973,110.9379085351,60.0597459109799,-0.267498822587342,0.998267227051102,0.125188502334069,-0.000607239204271082,-0.10533519156553,-0.0232616332700957
47,1.434368,16.63516016,3.648673767,29.65279139,6.142038417,24.7329302,10.6108511,3.148455298,34.03360949,0.7260758561,39.56629585,37.38668493,44.81916279,32.74832161,52.8265275,9.43,86,57.3891386377294,111.869492022247,60.1741420688723,-0.272221916167865,0.931583487147194,0.114396157892401,-0.00472309358052314,-0.0666837399039082,-0.0107923444416684
48,1.441264,16.63542864,3.503961834,29.65281736,6.138759013,24.73393885,10.61190313,3.188972375,34.05475796,0.7266789492,39.24122866,37.61623725,44.93447181,32.87744479,52.69788255,9.61,86.5,57.1132411190489,112.754869153603,60.2731481408233,-0.275897518680523,0.885377131356023,0.0990060719509529,-0.00367560251265786,-0.0462063557911705,-0.0153900859414478
49,1.44816,16.63569712,3.359249902,29.65284334,6.137078021,24.73368282,10.6103401,3.206392311,34.06014291,0.7260758561,39.56629585,37.50156766,44.81937593,33.2643361,52.56971584,9.43,86,56.8375643227656,113.5966171056,60.3289318212551,-0.275676796283321,0.841747951996354,0.0557836804318299,0.000220722397202167,-0.0436291793596695,-0.043222391519123
50,1.455056,16.77286934,3.660424302,29.65284428,6.138212311,24.7333633,10.60918592,3.191540815,34.05421186,0.8883079083,39.729131,37.38775063,44.24474914,33.26481434,52.31194771,9.25,86.4,56.568945431515,114.38505250677,60.3106764424177,-0.268618891250625,0.788435401170219,-0.0182553788373383,0.00705790503269554,-0.053312550826135,-0.0740390592691682
51,1.461952,16.6346232,3.938097631,29.65284867,6.137936696,24.73201249,10.61031525,3.180044198,34.05696899,1.050238414,40.05449974,37.50220708,44.47472774,33.39489399,51.6677665,8.88,86.2,56.3103415209448,115.110972068524,60.2021384038034,-0.258603910570187,0.725919561753784,-0.108538038614299,0.0100149806804382,-0.0625158394164345,-0.0902826597769604
52,1.468848,16.77190031,3.661980394,29.65287177,6.136948815,24.73281008,10.61087374,3.195316871,34.06810121,1.051143054,39.56689895,37.61687667,44.58982361,34.16867661,51.41143307,9.07,85.8,56.0563409852392,115.773857925519,59.9988787266283,-0.254000535705629,0.662885856994862,-0.203259677175112,0.00460337486455842,-0.0630337047589222,-0.0947216385608129
53,1.475744,16.7714095,3.660950412,29.65294432,6.13668215,24.73318904,10.60972152,3.20375799,34.08164963,1.050841507,39.72943255,37.64549009,44.57187875,34.03907519,51.79784615,8.7,86.4,55.8021282923701,116.377415584147,59.7072885039112,-0.254212692869075,0.60355765862866,-0.291590222717105,-0.000212157163446136,-0.0593281983662024,-0.0883305455419929
54,1.48264,16.6346232,3.938097631,29.65296144,6.13900046,24.73255605,10.61235669,3.843591879,34.30397698,1.050539961,39.89196614,37.63298244,44.5627513,34.16628544,52.70027372,8.52,85.8,55.5548292483059,116.925210446896,59.3524135852918,-0.247299044064192,0.547794862749058,-0.354874918619473,0.00691364880488265,-0.0557627958796019,-0.0632846959023681
55,1.489536,16.63542864,3.503961834,29.65296452,6.137648872,24.73092612,10.61278091,3.698611465,34.44842043,1.213073559,39.89226769,37.63587741,44.57849194,34.16700279,52.31362153,8.7,85.6,55.3348759786919,117.425514297361,58.9779990074988,-0.219953269613967,0.500303850464448,-0.374414577792933,0.0273457744502252,-0.0474910122846097,-0.0195396591734607
56,1.496432,16.63596561,3.21453797,29.65298388,6.134504965,24.73210158,10.60997549,3.98803533,34.44895739,1.218261329,39.90221679,37.65442118,44.62271807,34.29588685,52.31386064,8.52,85.6,55.1696948415752,117.893804201691,58.6417527956393,-0.165181137116761,0.468289904329737,-0.336246211859489,0.0547721324972059,-0.0320139461347111,0.0381683659334442
57,1.503328,16.77566282,3.658016712,29.65310167,6.135766259,24.72957598,10.6112877,3.987229883,34.88309319,1.223304115,39.90357963,37.63184035,44.61771845,34.29540862,52.57162877,8.34,85.8,55.0854659379085,118.344623595512,58.4109792369247,-0.0842289036666699,0.450819393821348,-0.230773558714631,0.0809522334500912,-0.0174705105083888,0.105472653144858
58,1.510224,16.77192474,3.661778465,29.6531265,6.136779724,24.72927548,10.61215621,3.698342983,34.59313236,1.223191979,39.90424988,37.61696001,44.66876709,34.42357533,52.95852008,7.97,85.8,55.0996688647394,118.784687998267,58.3431075907731,0.0142029268309045,0.440064402755638,-0.0678716461516444,0.0984318304975744,-0.0107549910657099,0.162901912562987
59,1.51712,16.77312531,3.662194221,29.65319145,6.136375364,24.72978066,10.6097488,3.843054915,34.59340084,1.218640723,39.90703706,37.62065013,44.80977231,34.03787961,52.44226647,7.79,86.2,55.2144696138331,119.213638134952,58.4558124246434,0.114800749093675,0.428950136684108,0.112704833870339,0.10059782226277,-0.0111142660715302,0.180576480021983
60,1.524016,16.78766376,3.642771283,29.65325613,6.135710387,24.72957896,10.61202601,3.98803533,34.44895739,1.219552672,39.90097426,37.59539029,44.83502978,34.29397392,53.34493316,7.61,86.5,55.4139091964762,119.624118687351,58.7179104224658,0.199439582643151,0.410480552399207,0.262097997822394,0.0846388335494765,-0.018469584284901,0.149393163952055
61,1.530912,16.78456971,3.646938067,29.65326788,6.133711549,24.72970624,10.61357772,3.987498365,34.73838126,1.225996018,39.91673227,37.61437948,44.88961661,34.2937348,53.47381723,7.79,86.7,55.6696323901088,120.001654615081,59.0684266335024,0.255723193632548,0.37753592773025,0.350516211036563,0.0562836109893965,-0.0329446246689571,0.0884182132141689
62,1.537808,16.784578,3.648174143,29.65330536,6.140861856,24.73122423,10.61025144,3.98803533,34.44895739,1.216626583,39.91202343,37.61033956,45.13079204,34.29301745,53.86046942,7.61,86.9,55.9511656036851,120.329748709299,59.4420009443948,0.281533213576353,0.328094094217917,0.373574310892451,0.0258100199438047,-0.0494418335123328,0.0230580998558878
63,1.544704,16.78561432,3.646383404,29.65332687,6.134914181,24.7320529,10.61042218,3.98803533,34.44895739,1.215740759,39.90725467,37.57709845,45.36207116,34.16461162,53.60246217,7.42,87.8,56.233294128165,120.593539643532,59.7841794185523,0.282128524479887,0.263790934233057,0.342178474157464,0.000595310903534596,-0.0643031599848598,-0.0313958367349869
64,1.5516,16.77682656,3.658659865,29.65332848,6.137883096,24.73337227,10.61457348,3.987229883,34.88309319,1.223937492,39.92674996,37.59230852,45.48390632,34.42237975,53.60294041,7.24,87.6,56.499907828672,120.777666036839,60.0572661778174,0.266613700506937,0.184126393307295,0.273086759265169,-0.0155148239729499,-0.0796645409257621,-0.0690917148922949
65,1.558496,16.78477465,3.647012493,29.65339544,6.138248074,24.73334426,10.60995758,3.988572294,34.15953353,1.213755902,39.9222385,37.58552869,45.70285228,33.77676384,54.24616515,7.06,87.5,56.7454621047921,120.867345743477,60.2423779192428,0.245554276120103,0.0896797066375399,0.185111741425331,-0.0210594243868343,-0.0944466866697553,-0.0879750178398382
66,1.565392,16.78618067,3.646352309,29.65339923,6.138083068,24.73257009,10.61071479,3.6980745,34.73784429,1.21013433,39.92089445,37.59297997,46.07034217,33.00250298,54.7602667,6.51,87.6,56.9722691822356,120.8559013634,60.3372649724085,0.226807077443553,-0.0114443800764832,0.0948870531657491,-0.0187471986765502,-0.101124086714023,-0.0902246882595819
67,1.572288,16.77681458,3.657258152,29.65341414,6.136974574,24.73227031,10.61413606,3.987229883,34.88309319,1.218013998,39.92941296,37.54437686,46.24185196,33.13138705,54.76050582,6.51,88.2,57.1871266510841,120.748272685825,60.3514647923085,0.214857468848521,-0.107628677575732,0.0141998198999573,-0.0119496085950317,-0.0961842974992493,-0.0806872332657917
68,1.579184,16.78565434,3.646858015,29.6534293,6.143136424,24.73103554,10.61318951,3.84251795,34.88282471,1.212772013,40.05480129,37.56697423,46.60903955,33.25931465,55.2762812,7.24,89.3,57.4023219872813,120.554630692017,60.3046227470411,0.215195336197127,-0.193641993807617,-0.0468420452673683,0.000337867348605414,-0.0860133162318846,-0.0610418651673257
69,1.58608,16.78762606,3.642825315,29.65346765,6.135319962,24.73007229,10.61243738,3.987766847,34.59366933,0.8868001755,40.54179899,37.55044951,46.97024413,33.25835818,55.79181745,7.42,89.3,57.6341041413172,120.281808223791,60.2243965216,0.231782154035912,-0.272822468225911,-0.0802262254411374,0.0165868178387854,-0.079180474418294,-0.0333841801737691
70,1.592976,16.78776068,3.643200566,29.65352615,6.136684353,24.72874961,10.61519157,3.84251795,34.88282471,1.375004065,40.21763644,37.38156956,47.57634836,33.38795959,55.40540438,7.05,89.8,57.8950706776483,119.932037477528,60.1388422613861,0.260966536331182,-0.349770746262806,-0.0855542602138399,0.02918438229527,-0.0769482780368946,-0.00532803477270249
71,1.599872,16.78449389,3.64946124,29.65356757,6.134820327,24.72853822,10.6145092,3.84251795,34.88282471,1.049635321,40.37956694,37.26647369,47.69101795,33.25764083,56.17846965,6.87,90,58.191686386214,119.507509690315,60.0690275617733,0.296615708565653,-0.424527787213322,-0.0698146996128628,0.0356491722344714,-0.0747570409505158,0.0157395606009771
72,1.606768,16.78434019,3.643806436,29.65359594,6.711787748,24.72870052,10.61458522,3.987229883,34.88309319,1.049333774,40.54210054,37.25005376,48.10058499,33.25835818,55.79181745,7.23,91.1,58.5282187722309,119.013715123613,60.0303826243608,0.336532386016941,-0.493794566702363,-0.0386449374124425,0.0399166774512878,-0.0692667794890411,0.0311697622004203
73,1.613664,16.78459731,3.646897886,29.6536167,6.13855767,24.72866079,10.61478506,4.132210297,34.73864974,1.374400972,40.54270363,37.19098316,48.39784172,33.12875676,56.17823053,7.41,91.5,58.9070311926859,118.457748182991,60.0404432624479,0.378812420454935,-0.555966940621701,0.0100606380870687,0.0422800344379937,-0.0621723739193385,0.0487055754995112
74,1.62056,16.78791581,3.643379927,29.65362369,6.137015878,24.72865028,10.61668357,4.131673333,35.02807361,1.537537664,40.21793798,37.26455542,48.72496253,33.12780029,56.69376679,7.05,92.2,59.3278313184276,117.842860689997,60.1153714598877,0.420800125741764,-0.61488749299356,0.0749281974397604,0.0419877052868287,-0.058920552371859,0.0648675593526917
75,1.627456,16.7875086,3.64535033,29.65365354,6.134490743,24.72981699,10.61507988,3.987229883,34.88309319,0.8874032686,40.2167318,37.03372425,49.29894991,32.99676418,57.85348426,7.23,92.7,59.791640192326,117.16780027605,60.2534132324373,0.46380887389833,-0.675060413947662,0.138041772549627,0.0430087481565664,-0.060172920954102,0.0631135751098668
76,1.634352,16.78752883,3.646486753,29.65365555,6.134347043,24.72805538,10.61404762,3.986961401,35.02780512,1.049333774,40.54210054,36.80374565,49.41340636,32.86764099,57.9821292,7.96,92.7,60.3020750478003,116.433838138913,60.4297056349628,0.510434855474358,-0.733962137136288,0.176292402525476,0.0466259815760282,-0.058901723188626,0.0382506299758489
77,1.641248,16.78616136,3.644567188,29.65378717,6.137278974,24.72891686,10.61557389,3.986961401,35.02780512,1.536934571,40.54300518,36.80289309,49.87293729,32.73947428,57.59523789,7.41,93.3,60.8587642762804,115.650044900005,60.6087765658684,0.556689228480053,-0.783793238908714,0.179070930905638,0.046254373005695,-0.0498311017724262,0.00277852838016202
78,1.648144,16.78405344,3.650281033,29.65382523,6.136320778,24.72679583,10.61524464,3.986424436,35.31722899,1.374702519,40.38017003,36.68758408,50.10248961,32.73923516,57.72412196,6.86,94.4,61.452836503145,114.830652228732,60.759358371873,0.594072226864569,-0.819392671273192,0.150581806004595,0.0373829983845155,-0.0355994323644779,-0.0284891249010428
79,1.65504,16.78778968,3.644687602,29.65384815,6.140106467,24.72814725,10.61412789,3.986961401,35.02780512,1.536934571,40.54300518,36.57184878,50.5618074,32.73708311,58.88407854,7.23,94.2,62.0714503585895,113.990471615668,60.8630862559935,0.618613855444579,-0.840180613063723,0.10372788412046,0.0245416285800104,-0.0207879417905303,-0.0468539218841357
80,1.661936,16.78948735,3.64544794,29.65386442,6.567075815,24.728356,10.61495586,4.130867886,35.4622094,1.048730681,40.86716774,36.79990912,51.48129554,32.60748169,59.27049162,6.5,95.5,62.7039114561721,113.146110653964,60.9188142129344,0.632461097582549,-0.844360961703714,0.0557279569409843,0.0138472421379703,-0.00418034863999139,-0.0479999271794753
81,1.668832,16.78627166,3.648285034,29.65386442,6.567075815,24.72853811,10.61449987,4.130599404,35.60692133,1.211867373,40.54240209,36.11061273,51.48001669,32.86524982,59.27096985,6.5,95.8,63.3450774300381,112.318277824129,60.9479818226825,0.641165973866038,-0.827832829834705,0.0291676097480575,0.00870487628348826,0.0165281318690091,-0.0265603471929268
82,1.675728,16.79011147,3.642076564,29.6538656,6.139485062,24.72792078,10.61291291,4.131941815,34.88336167,1.049635321,40.37956694,36.56971738,51.71063472,32.60604699,60.04379601,7.41,96,63.9961702720811,111.526653469608,60.9907644726845,0.651092842043028,-0.791624354520891,0.0427826500020245,0.00992686817698996,0.0362084753138134,0.013615040253967
83,1.682624,16.78747985,3.648125023,29.65388831,6.140238193,24.7283522,10.61403129,3.841980986,35.17224857,1.211867373,40.54240209,36.56843853,52.39993111,32.60532964,60.4304482,6.86,96.9,64.6585718308659,110.780821320285,61.0781897813218,0.662401558784737,-0.745832149323732,0.0874253086373216,0.0113087167417092,0.0457922051971593,0.044642658635297
84,1.68952,16.78891726,3.642193569,29.65392723,6.136400268,24.7290934,10.6134608,3.841712504,35.31696051,1.211867373,40.54240209,35.99295917,52.97327906,32.99198184,60.43116555,6.67,97.7,65.3267015294229,110.07625774439,61.2048141983951,0.66812969855701,-0.704563575894809,0.126624417073273,0.00572813977227327,0.0412685734289227,0.0391991084359518
85,1.696416,16.78874319,3.639522254,29.65395741,6.13577778,24.73086151,10.61163779,3.986692918,35.17251706,1.211565827,40.70493569,36.10720248,53.3181404,31.31361959,61.97466581,6.86,98.2,65.9914832057374,109.396383753434,61.3350722656174,0.66478167631449,-0.679873990956352,0.130258067222286,-0.00334802224251973,0.0246895849384572,0.00363365014901262
86,1.703312,16.77679795,3.657408179,29.65397033,6.135238218,24.72844718,10.6118615,3.986692918,35.17251706,1.048730681,40.86716774,35.99125405,53.89234092,31.18473553,61.97442669,7.22,98.9,66.6473806631938,108.714967031902,61.4296755350257,0.655897457456419,-0.681416721531349,0.0946032694082959,-0.00888421885807134,-0.00154273057499665,-0.0356547978139901
87,1.710208,16.77690167,3.65519993,29.65397047,6.13645834,24.73108146,10.61361681,4.131404851,35.17278554,1.211565827,40.70493569,35.99018835,54.46675458,30.53935873,62.48876736,7.58,99.5,67.2933816284829,107.996485098214,61.4634794239433,0.646000965289133,-0.718481933688466,0.0338038889175891,-0.00989649216728594,-0.0370652121571169,-0.0607993804907068
88,1.717104,16.78933077,3.641785224,29.653973,6.136957259,24.73189237,10.6118523,4.131136368,35.31749747,1.373496332,41.03030443,35.530018,54.81055021,30.66656898,63.39119493,7.58,100,67.9329930098815,107.199429132075,61.4307299407809,0.639611381398552,-0.797055966138444,-0.0327494831623909,-0.00638958389058075,-0.0785740324499784,-0.06655337207998
89,1.724,16.78910024,3.642371271,29.65404761,6.139995068,24.72934804,10.61205544,4.130867886,35.4622094,1.21126428,40.86746928,35.64383503,55.38517701,30.79497481,63.64920218,7.76,101,68.575315946491,106.28857902098,61.3440527457928,0.642322936609517,-0.910850111095144,-0.0866771949880984,0.00271155521096489,-0.113794144956699,-0.0539277118257075
90,1.730896,16.7883991,3.643885422,29.65406742,6.137686665,24.72934669,10.61299753,4.275311336,35.60718982,1.210661187,41.19253648,35.29833427,55.84406852,30.40688791,64.42178922,7.03,102,69.2331945992053,105.250490998574,61.2295984638129,0.657878652714317,-1.03808802240644,-0.114454281979931,0.0155557161047994,-0.127237911311298,-0.0277770869918328
91,1.737792,16.78401962,3.652670444,29.65413291,6.422363883,24.73211107,10.61014494,4.419754786,35.75217023,1.210661187,41.19253648,35.41193816,56.53357805,30.40688791,64.42178922,8.12,102,69.9199825898212,104.098747616293,61.1215929029849,0.686787990615869,-1.15174338228108,-0.108005560827948,0.0289093379015526,-0.113655359874642,0.00644872115198325
92,1.744688,16.78183911,3.649470758,29.65413291,6.422363883,24.73186384,10.61039631,4.448380445,35.77227172,1.211565827,40.70493569,35.18110699,57.10756543,30.01832278,65.45214438,7.94,103,70.6489327337172,102.864088507615,61.0597606297111,0.728950143896,-1.23465910867736,-0.0618322732738648,0.0421621532801311,-0.0829157263962799,0.0461732875540832
93,1.751584,16.78364965,3.647944587,29.65414111,6.136659788,25.01583357,10.46570656,4.478181886,35.79185841,1.374099426,40.70523723,35.18025443,57.56709635,30.14696773,65.58126757,7.57,104,71.4345506736484,101.577407818397,61.0822029368373,0.785617939931214,-1.2866806892178,0.0224423071262976,0.0566677960352138,-0.0520215805404405,0.0842745804001623
94,1.75848,16.79008114,3.641660323,29.65420848,6.135285998,25.3057944,10.17681966,4.498871166,35.81771955,1.534823745,41.68074037,35.29407146,58.14172315,30.14553303,66.35457195,8.48,105,72.2878853417456,100.261862199305,61.2068486861247,0.853334668097204,-1.31554561909269,0.124645749287396,0.0677167281659905,-0.0288649298748851,0.102203442161098
95,1.765376,16.78219668,3.647620113,29.65426702,6.136676908,25.01637053,10.17628269,4.50352905,35.84312401,1.534823745,41.68074037,34.83304855,58.94504971,29.8863302,67.12739811,8.66,106,73.2044399920074,98.9375448071973,61.4180295553572,0.916554650261759,-1.32431739210746,0.211180869232464,0.0632199821645543,-0.00877177301477161,0.0865351199450686
96,1.772272,16.78269255,3.648986617,29.65430356,6.136875417,25.30525743,10.46624352,4.548911848,35.8627666,1.534522198,41.84327397,35.17684418,59.40522006,29.88537373,67.64293437,8.66,107,74.159722294111,97.6237406690883,61.6748473713049,0.955282302103655,-1.31380413810902,0.256817815947656,0.0387276518418957,0.0105132539984396,0.0456369467151916
97,1.779168,16.78209252,3.650544164,29.6543509,6.138747337,25.16081398,10.32126311,4.563661272,36.18657451,1.534823745,41.68074037,34.94601302,59.97920744,29.36864189,68.28639822,9.03,108,75.118826492655,96.3337997327349,61.9301704150061,0.959104198543969,-1.28994093635343,0.255323043701267,0.00382189644031428,0.0238632017555886,-0.00149477224638872
98,1.786064,16.05631243,3.647599838,29.65438519,6.13496138,25.16027702,10.61068697,5.287757898,35.89849306,1.535125292,41.51820677,34.60008598,60.66786441,29.36696807,69.18858668,8.84,108,76.0518179507796,95.0707605466206,62.1453940661099,0.932991458124647,-1.26303918611428,0.21522365110377,-0.0261127404193218,0.0269017502391478,-0.0400993925974973
99,1.79296,16.78951751,3.64629705,29.65440139,6.277651951,25.30525743,10.46624352,5.432738312,35.75404961,2.022122995,41.84417861,34.71454243,60.89784301,29.238084,69.18834756,9.75,109,76.9473229784222,93.8277214458034,62.2999875543437,0.895505027642585,-1.24303910081717,0.1545934882338,-0.0374864304820619,0.0200000852971129,-0.0606301628699697
100,1.799856,16.78328618,3.649983704,29.65453499,6.134084351,25.1605455,10.46597504,5.431664383,36.33289734,1.859589396,41.84387706,34.71347673,61.47225667,28.97864205,70.09005778,9.93,111,77.8141598339358,92.5906933920236,62.3967525569924,0.866836855513597,-1.2370280537798,0.0967650026486524,-0.0286681721289881,0.00601104703737576,-0.0578284855851479
101,1.806752,16.78188083,3.644380694,29.65456708,6.134548764,25.16081398,10.32126311,5.431395901,36.47760927,2.021519902,42.16924581,34.36648398,62.7353273,28.8485624,70.73423898,10.7,111,78.6724093497909,91.3391844259137,62.4601302886769,0.858249515855107,-1.25150896610997,0.0633777316845539,-0.00858733965849012,-0.0144809123301712,-0.0333872709640985
102,1.813648,16.78257241,3.648110411,29.65458413,6.135827019,25.3057944,10.17681966,5.865531698,36.47841472,2.346888646,42.0073153,34.02119637,63.07933607,28.58935957,71.50706514,10.5,112,79.5492127444982,90.0461579416008,62.5261253587407,0.876803394707252,-1.29302648431286,0.0659950700638205,0.0185538788521455,-0.0415175182028946,0.0026173383792667
103,1.820544,16.78856086,3.642332027,29.65460311,6.139091567,25.30525743,10.46624352,5.864726251,36.91255051,2.671955844,42.0079184,34.1350134,63.65396287,28.58864222,71.89371733,11,113,80.4784432186006,88.6834836215948,62.6296778294444,0.929230474102425,-1.36267432000599,0.103552470703718,0.0524270793951729,-0.0696478356931323,0.0375574006398978
104,1.82744,16.78310013,3.648406284,29.65463557,6.134528147,25.30498895,10.61095545,5.865263216,36.62312665,2.671352751,42.33298559,34.08691799,64.24494985,28.58768575,72.40925359,11,114,81.4913133868253,87.2320986720307,62.7947886729824,1.01287016822471,-1.45138494956414,0.165110843537917,0.083639694122283,-0.0887106295581503,0.0615583728341988
105,1.834336,16.78235051,3.653353236,29.65464899,6.135446961,25.44996937,10.466512,6.153881634,37.05779941,2.671352751,42.33298559,34.03345824,64.93128821,28.06904097,74.08378996,11.4,115,82.5999083103885,85.6914397641781,63.0275578254537,1.10859492356322,-1.54065890785257,0.232769152471349,0.0957247553385088,-0.0892739582884303,0.0676583089334315
106,1.841232,16.78398584,3.650964366,29.65466555,6.135267985,25.45023785,10.32180007,6.299399013,36.62393209,3.158350454,42.65895743,33.93181131,65.48207109,28.19792504,74.08402908,11,115,83.7900095849515,84.0837805722066,63.3161475329233,1.19010127456299,-1.60765919197146,0.288589707469598,0.0815063509997742,-0.0670002841188904,0.0558205549982489
107,1.848128,16.79096771,3.640007484,29.65466751,6.137571469,25.1605455,10.46597504,6.444110945,36.62420058,3.483116105,42.82209412,33.87657611,66.24853541,27.93920044,74.59908711,11.4,116,85.0296849125859,82.4507627354777,63.6388464626008,1.23967532763439,-1.63301783672897,0.322698929677458,0.049574053071396,-0.0253586447575032,0.0341092222078601
108,1.855024,16.78293519,3.647191103,29.65466987,6.132940018,25.44996937,10.466512,6.732192399,37.3482972,3.483116105,42.82209412,33.80157951,66.89679598,27.42127301,75.88697129,11.6,117,86.2843450730092,80.840484406483,63.9738391114392,1.25466016042326,-1.6102783289947,0.334992648838451,0.0149848327888691,0.022739507734272,0.0122937191609935
109,1.86192,16.78343091,3.64995935,29.65466987,6.132940018,25.59548674,10.03264469,6.876904331,37.34856569,3.807881756,42.98523081,33.59111052,67.54541101,27.42127301,75.88697129,12.1,117,87.5300064835448,79.289304091312,64.3070245179224,1.24566141053566,-1.55118031517095,0.333185406483153,-0.00899874988759564,0.0590980138237427,-0.00180724235529794
110,1.868816,16.79017879,3.642434431,29.65474838,6.138307355,25.59441282,10.61149242,6.876635849,37.49327762,3.80667557,43.63536521,33.55545569,68.30236835,27.16111371,77.1753337,12.8,118,88.7576735269328,77.8108359984227,64.6345129497921,1.22766704338795,-1.47846809288933,0.327488431869696,-0.0179943671477076,0.0727122222816234,-0.00569697461345697
111,1.875712,16.77164296,3.663099866,29.65479078,6.136470383,25.44970088,10.61122393,7.455483578,37.49435155,4.132948954,42.98583391,33.44691708,68.97717708,27.16063548,77.43310183,12.8,119,89.9664846522089,76.3972956474113,64.9574718843171,1.20881112527611,-1.41354035101135,0.322958934525047,-0.0188559181118393,0.0649277418779803,-0.0045294973446488
112,1.882608,16.77577124,3.656778397,29.65479821,6.139922606,25.45023785,10.32180007,7.454678131,37.92848734,4.294276367,43.63626985,33.26235559,69.65460974,26.64246893,78.84987007,12.8,120,91.1594954169027,75.0261005407247,65.2778379874611,1.19301076469377,-1.37119510668668,0.320366103144025,-0.0158003605823467,0.0423452443246646,-0.00259283138102262
113,1.889504,16.77209827,3.660051063,29.65491333,6.134955401,25.3057944,10.17681966,7.743296549,38.3631601,4.613848375,43.74732767,33.07975266,70.36751168,26.76967918,79.75229764,12.6,121,92.3491254784036,73.6697604091446,65.6021826630558,1.18963006150092,-1.35634013158003,0.324344675594631,-0.00338070319284611,0.0148549751066582,0.00397857245060607
114,1.8964,16.78332908,3.648529594,29.65493835,5.988228086,25.59441282,10.61149242,8.033794343,37.78484934,4.855615113,43.94137121,32.99341816,71.05732446,26.64079511,79.75205853,13,122,93.5578467081562,72.3084569739571,65.9437960307987,1.20872122975267,-1.36130343518755,0.341613367742937,0.0190911682517481,-0.00496330360752495,0.0172686921483063
115,1.903296,16.77713683,3.658040516,29.6550695,6.137003305,25.59548674,10.03264469,8.177432346,38.36396555,5.247908857,44.1551319,32.77788129,71.76152859,26.38159228,80.52488468,13,123,94.807044794629,70.9346308227031,66.3134439971196,1.24919808647272,-1.37382615125399,0.369647966320869,0.0404768567200477,-0.0125227160664423,0.028034598577932
116,1.910192,16.78304222,3.65067694,29.6550874,6.140488285,25.45050633,10.17708814,8.321607314,38.6536579,5.481998063,44.34876165,32.55262117,72.44927964,26.12238945,81.29771083,13.4,123,96.1079679052075,69.5468202885339,66.7125023763818,1.30092311057852,-1.3878105341692,0.399058379262243,0.0517250241058065,-0.0139843829152113,0.0294104129413739
117,1.917088,16.92538947,3.215074934,29.65511872,6.140300386,25.73966171,10.32233703,8.900723525,38.5100199,5.769290338,44.49971073,32.47470423,73.09700862,25.99326627,81.42635578,13.2,124,97.4636176006853,68.1443028268881,67.1419605471279,1.35564969547785,-1.40251746164581,0.429458170746059,0.0547265848993277,-0.0147069274766096,0.0303997914838163
118,1.923984,16.92431554,3.793922663,29.65520683,5.843516154,25.73966171,10.32233703,9.045435458,38.51028838,6.129256033,44.70718405,31.93284571,74.1042418,25.73286785,82.84360226,13.4,125,98.8721879721255,66.7267966546574,67.6094672493402,1.40857037144013,-1.41750617223069,0.467506702212347,0.0529206759622838,-0.0149887105848734,0.0380485314662877
119,1.93088,16.7932041,3.638003307,29.65522077,6.134740741,25.88437364,10.32260552,9.47903429,38.80051769,6.427641586,44.90519093,31.81689727,74.67844231,25.60326644,83.23001534,13.5,127,100.327718500057,65.2929172538949,68.1155383896115,1.45553052793126,-1.43387940076246,0.506071140271317,0.0469601564911244,-0.0163732285317764,0.0385644380589696
120,1.937776,16.78172034,3.651932993,29.65538885,6.137748885,25.88437364,10.32260552,9.76792119,39.09047852,6.815916256,45.04008006,31.70030942,75.59729103,25.34454184,83.74507336,13.5,126,101.823270653106,63.8374902817653,68.6416776584495,1.49555215304889,-1.45542697212959,0.526139268837966,0.0400216251176317,-0.0215475713671225,0.0200681285666491
121,1.944672,16.79115687,3.640369493,29.65556304,6.134905163,26.02935406,10.17816207,9.91236464,39.23545893,7.132402147,45.22589376,31.35459552,76.17106526,24.82709264,84.77518941,13.7,128,103.354605719991,62.3534958291568,69.1640003665587,1.53133506688542,-1.48399445260852,0.522322708109229,0.0357829138365275,-0.0285674804789338,-0.00381656072873682
122,1.951568,16.78024035,3.652187443,29.65600049,6.133493036,25.88437364,10.32260552,10.49121237,39.23653286,7.49135279,45.4375119,31.12355121,76.85993537,24.82637529,85.16184161,14.3,128,104.920081113502,60.8350748380242,69.6703965235532,1.56547539351136,-1.51842099113259,0.506396156994498,0.0341403266259448,-0.0344265385240732,-0.0159265511147311
123,1.958464,16.79232937,3.639083621,29.65603508,6.134289508,25.88437364,10.32260552,11.06871769,39.96116645,7.879278824,45.59806861,31.12184609,77.77899723,24.56693335,86.06355182,14.1,128,106.520256344277,59.2777595611797,70.1631310143944,1.60017523077414,-1.55731527684451,0.49273449084113,0.034699837262778,-0.038894285711919,-0.0136616661533679
124,1.96536,16.79840357,3.640336863,29.6560467,6.135441626,26.02935406,10.17816207,11.06898617,39.81645452,8.292445165,45.75305683,30.77634533,78.23788873,24.04996238,86.83589974,14.1,129,108.159893980929,57.6814098424954,70.6568144784407,1.63963763665252,-1.59634971868429,0.493683464046342,0.0394624058783819,-0.0390344418397746,0.000948973205211701
125,1.972256,16.92538947,3.215074934,29.65624001,6.135307417,25.74019868,10.03291317,11.2136981,39.816723,8.573740359,45.94795149,30.54487474,79.15652431,23.66307107,86.96406646,14.3,129,109.845671936344,56.0533123989966,71.1747974844603,1.68577795541523,-1.62809744349883,0.517983006019605,0.0461403187627099,-0.0317477248145437,0.0242995419732637
126,1.979152,16.79056553,3.64089941,29.65631731,6.13340619,26.02962254,10.03345013,12.08116425,40.25246969,8.922408163,46.12655921,30.31446986,79.50074622,23.66091902,88.12402304,14.3,130,111.579093515337,54.4051933163484,71.7433292923037,1.73342157899251,-1.64811908264814,0.568531807843385,0.0476436235772724,-0.0200216391493129,0.0505488018237799
127,1.986048,16.77775078,3.658034346,29.65644831,6.134307968,26.17433447,10.03371862,12.22587618,40.25273817,9.387604465,46.26726587,30.19830828,80.18982947,23.53107849,88.63932018,14.5,130,113.353993036318,52.7507769005618,72.3822276449765,1.77489952098088,-1.65441641578668,0.638898352672825,0.0414779419883757,-0.00629733313853365,0.0703665448294402
128,1.992944,16.78027583,3.652198157,29.65671851,6.137152693,26.17433447,10.03371862,12.51503156,40.39798707,9.707941262,46.48015928,29.96769026,80.64893412,23.27211477,89.28326227,15.2,130,115.157444188245,51.1066872184145,73.0905163365032,1.8034511519275,-1.64408968214728,0.708288691526704,0.0285516309466232,0.0103267336393955,0.0693903388538786
129,1.99984,16.78022764,3.653662985,29.65678645,6.135497148,26.17433447,10.03371862,13.38330316,40.39959797,9.976619849,47.06002956,29.6221895,81.10782562,22.6269771,89.66871888,0,0,116.969703932091,49.5684325262913,73.8424702654456,1.81225974384546,-1.53825469212321,0.75195392894237,0.0088085919179548,0.105834990024071,0.0436652374156665
130,2.006736,16.92512099,3.359786866,29.65707291,6.132828189,26.46348986,10.17896751,13.5264042,41.26813804,10.30259169,46.57303185,29.62069752,81.91200475,22.75370911,90.82891458,0,0,118.768677644685,48.539775662965,74.604798890538,1.79897371259413,-1.0286568633263,0.762328625092422,-0.0132860312513259,0.509597828796913,0.0103746961500519
131,2.013632,17.06797759,3.071143821,29.65722851,6.135987063,26.31850944,10.32341096,13.96107696,40.97951962,11.27628555,47.38750913,29.50560165,82.02667434,22.23721638,91.34349437,0,0,120.538025114358,49.0057193605025,75.360538073735,1.76934746967332,0.465943697537561,0.755739183196937,-0.0296262429208127,1.49460056086386,-0.00658944189548549
132,2.020528,16.77996528,3.65207023,29.65723218,6.130560972,26.31877792,10.17869903,14.53992469,40.98059355,11.27658709,47.22497553,29.27413106,82.94530991,22.10737585,91.85879151,0,0,122.270512036055,53.3666807287405,76.1174175308794,1.73248692169696,4.36096136823796,0.756879457144464,-0.0368605479763602,3.8950176707004,0.00114027394752725
133,2.027424,16.7815571,3.648106862,29.65739265,6.134835618,26.31850944,10.32341096,14.97298656,41.56024673,11.27568245,47.71257632,28.81396071,83.28910554,21.59016577,92.7600235,0,0,123.967248974908,71.38229416773,76.8908054003972,1.69673693885275,18.0156134389895,0.773387869517734,-0.0357499828442087,13.6546520707515,0.0165084123732697
134,2.03432,16.7800191,3.652133795,29.65755111,6.132074583,26.31850944,10.32341096,14.97298656,41.56024673,11.9255153,47.87631611,28.5829164,83.97797565,21.46128171,92.75978438,0,0,125.635868870025,138.345963975465,77.6798420668375,1.66861989511688,66.9636698077351,0.78903666644031,-0.0281170437358753,48.9480563687456,0.0156487969225765
135,2.041216,16.78014057,3.504230316,29.65756236,6.137598857,26.32021687,10.32686608,15.69654622,41.56158914,12.08774735,48.03915125,28.46782053,84.09264525,21.33215853,92.88842933,0,0,127.285824145283,178.45255527565,78.4643497557633,1.64995527525809,40.106591300185,0.784507688925828,-0.0186646198587823,-26.85707850755,-0.00452897751448234
136,2.048112,16.78031211,3.646966598,29.65761336,6.134237318,26.32176295,10.32490053,16.13041353,41.70710652,12.90101844,47.71559179,28.00679762,84.89597181,20.94335428,94.04766856,0,0,128.925395808452,171.656403088452,79.2209921843133,1.63957166316965,-6.79615218719803,0.756642428550023,-0.0103836120884466,-46.902743487383,-0.0278652603758047
137,2.055008,16.78156758,3.655194053,29.65766313,6.134296098,26.32814642,10.32609081,16.27432002,42.1415108,13.06234585,48.36602773,28.12104093,85.24083314,19.78148476,95.07658903,0,0,130.565011507103,168.352278279813,79.9369180165611,1.63961569865023,-3.30412480863913,0.715925832247763,4.40354805846255e-05,3.4920273785589,-0.0407165963022607
138,2.061904,16.78020072,3.648314075,29.65768367,6.131776704,26.33013224,10.33240109,16.99734271,42.43227707,13.38680996,48.69169802,27.66108372,85.46974604,19.6526007,95.07634991,0,0,132.217559092619,167.213920371219,80.6111010177377,1.65254758551634,-1.138357908594,0.674183001176601,0.012931886866113,2.16576690004513,-0.0417428310711614
139,2.0688,16.79143574,3.642368784,29.65776068,6.13169479,26.60793331,10.32394793,17.14232313,42.28783362,13.87380766,49.01766986,27.54449587,86.38859476,19.78124564,95.20547309,0,0,133.890772181607,167.027526775103,81.2504423449906,1.67321308898809,-0.186393596115892,0.639341327252879,0.0206655034717471,0.951964312478111,-0.0348416739237223
140,2.075696,16.77892386,3.656187258,29.65799055,6.135704551,26.60766482,10.46865986,17.86507734,42.72331183,14.19827177,49.34334015,27.19899511,86.84748626,20.03853554,95.46371945,0,0,135.582248463531,167.335830507593,81.8656875985526,1.69147628192428,0.308303732489605,0.615245253562051,0.0182631929361889,0.494697328605497,-0.0240960736908278
141,2.082592,16.78028672,3.650262746,29.65809436,6.135710467,26.60820179,10.179236,18.15450121,42.7238488,14.8493108,48.85694554,26.96986907,86.50241179,19.65140511,95.72077023,0,0,137.283343884518,167.931184437504,82.4678602185947,1.70109542098635,0.595353929911766,0.602172620042083,0.00961913906206746,0.287050197422161,-0.0130726335199682
142,2.089488,16.78014057,3.504230316,29.65810506,6.132909637,26.75237676,10.46892834,18.44338811,43.01380963,15.01154285,49.01978068,26.27929383,87.19042933,19.39268051,96.23582826,0,0,138.987059883679,168.709161963226,83.0680585730848,1.70371599916135,0.777977525721667,0.600198354490075,0.00262057817499795,0.182623595809901,-0.00197426555200764
143,2.096384,16.79695912,3.640919867,29.6581985,6.130156051,26.75291372,10.17950448,18.87779239,42.86990314,15.33600696,49.34545098,26.16398482,87.41998166,18.87666602,96.49263992,0,0,140.691506831726,169.612124099371,83.6774549193156,1.70444694804698,0.902962136144708,0.609396346230866,0.000730948885632188,0.124984610423041,0.00919799174079117
144,2.10328,16.77987209,3.648942249,29.65871567,6.127660021,26.75264524,10.32421641,19.45583467,43.30511287,16.31090701,49.50979385,25.8186972,87.76399043,18.87570955,97.00817618,0,0,142.397896693416,170.601183031154,84.3038433161987,1.70638986169038,0.989058931782836,0.626388396883016,0.00194291364340415,0.0860967956381273,0.0169920506521493
145,2.110176,16.77905459,3.656020824,29.6587837,6.132302469,26.89682021,10.61390876,19.74552702,43.1609379,16.14777031,49.83455951,26.04803639,87.99418218,18.48905736,97.00745883,0,0,144.10852187834,171.641150975181,84.9486580317956,1.71062518492403,1.03996794402696,0.644814715596965,0.00423532323364384,0.0509090122441194,0.0184263187139493
146,2.117072,16.77987209,3.648942249,29.65881714,6.13329106,27.0420691,10.32475337,20.17939433,43.30645528,16.79760316,49.99829929,26.16164027,88.68369171,17.84344145,97.65068356,0,0,145.821009837873,172.692568686992,85.6066339883499,1.71248795953252,1.05141771181161,0.657975956554324,0.00186277460849738,0.0114497677846543,0.0131612409573592
147,2.123968,16.77856863,3.660018383,29.65885672,6.129188027,26.75237676,10.46892834,20.4688182,43.30699224,17.28580705,49.67413673,25.70253563,88.45307368,17.97232551,97.65092268,0,0,147.521086404209,173.710316623352,86.2676143513097,1.70007656633621,1.0177479363598,0.660980362959734,-0.0124113931963166,-0.0336697754518127,0.00300440640540955
148,2.130864,16.7804106,3.65387772,29.6589014,6.135313272,26.89682021,10.61390876,20.75851054,43.16281727,17.12297191,49.83636878,25.70253563,88.45307368,18.10120958,97.6511618,0,0,149.18649529971,174.653751842197,86.9207681266799,1.66540889550117,0.943435218845224,0.653153775370228,-0.0346676708350344,-0.074312717514573,-0.00782658758950561
149,2.13776,16.78149587,3.650727313,29.65891248,6.135150213,26.75237676,10.46892834,21.19210938,43.45304659,17.61027116,49.99980702,25.4729833,88.33776467,17.84296322,97.90845169,0,0,150.795497339879,175.4990630399,87.5585757813993,1.60900204016829,0.845311197702813,0.637807654719424,-0.0564068553328809,-0.0981240211424108,-0.0153461206508041
150,2.144656,16.78004688,3.652370579,29.65898938,6.128885116,26.89682021,10.61390876,21.48153324,43.45358355,17.77190012,50.48770937,25.58743976,88.56774327,17.45631102,97.90773434,0,0,152.329277085613,176.239605102549,88.1784544969137,1.53377974573414,0.740542062648615,0.619878715514346,-0.0752222944341554,-0.104769135054198,-0.0179289392050777
151,2.151552,16.77830523,3.655863964,29.65899231,6.138033282,26.89682021,10.61390876,21.62597669,43.59856396,18.25980246,50.32608041,25.01238668,88.91132576,17.06965883,97.90701699,0,0,153.77375779256,176.879450545506,88.781682218513,1.44448070694742,0.639845442957068,0.603227721599282,-0.0892990387867201,-0.100696619691547,-0.0166509939150643
152,2.158448,16.7788362,3.654510903,29.6592003,6.133239497,26.75237676,10.46892834,21.91566904,43.454389,18.58486966,50.3266835,25.01259982,88.79644303,17.19830378,98.03614017,0,0,155.124224106641,177.431607120447,89.3696402687548,1.35046631408073,0.552156574941108,0.587958050241852,-0.0940143928666828,-0.0876888680159595,-0.0152696713574301
153,2.165344,16.77928362,3.65251763,29.65922602,6.129327759,26.89762565,10.17977296,22.05957552,43.88879328,18.7477048,50.16445145,24.89750394,88.91111262,17.06894148,98.29366919,0,0,156.388442546806,177.919194616055,89.9414082943356,1.26421844016485,0.487587495608381,0.571768025580809,-0.0862478739158803,-0.0645690793327276,-0.0161900246610429
154,2.17224,16.77994652,3.655051202,29.65925267,6.132538673,27.18678104,10.32502186,22.34926787,43.74461831,18.7477048,50.16445145,24.89771708,88.79622989,16.81117335,98.29319095,0,0,157.581378161365,178.370327139656,90.4936806390262,1.19293561455927,0.451132523600478,0.55227234469055,-0.0712828256055786,-0.0364549720079026,-0.0194956808902589
155,2.179136,16.77919362,3.655357528,29.65925925,6.129445605,27.18678104,10.32502186,22.34926787,43.74461831,18.91053995,50.0022194,24.6673122,89.14045181,16.5531661,98.42159678,0,0,158.711929817289,178.807152248513,91.0188264996385,1.13055165592343,0.436825108857022,0.525145860612355,-0.0623839586358486,-0.0143074147434561,-0.0271264840781953
156,2.186032,16.78133591,3.654919403,29.65930341,6.129694402,26.89789414,10.03506103,22.63869173,43.74515527,19.39753765,50.32819123,24.66752534,89.02556908,16.03739072,98.54952438,0,0,159.776355588795,179.239502297743,91.5042082987015,1.06442577150688,0.43235004923045,0.485381799062935,-0.0661258844165502,-0.00447505962657146,-0.0397640615494197
157,2.192928,16.77822573,3.655192469,29.65940033,6.132464929,27.18624407,10.61444572,22.9281156,43.74569224,19.72260485,50.32879433,24.32287714,89.02492965,16.16603567,98.67864756,0,0,160.767569085052,179.668046718427,91.9383861728725,0.991213496256904,0.428544420683892,0.434177874171027,-0.073212275249972,-0.00380562854655864,-0.0512039248919081
158,2.199824,16.77906665,4.083078046,29.65951525,6.133656461,27.33122449,10.47000227,23.07282753,43.74596072,19.74145703,50.32705663,24.0926854,89.25426884,16.4238038,98.6791258,0,0,161.687704291778,179.907396790162,92.3152400642187,0.920135206725405,0.239350071735146,0.376853891346258,-0.0710782895314992,-0.189194348948746,-0.0573239828247694
159,2.20672,16.77977426,3.654147684,29.65957857,6.131991502,27.33176145,10.18057841,22.92757863,44.0351161,19.7651257,50.32561244,24.322664,89.13981239,16.29468062,98.80777074,0,0,162.547251642055,179.482956887866,92.6277537381593,0.85954735027687,-0.424439902295944,0.312513673940515,-0.0605878564485351,-0.66378997403109,-0.0643402174057428
160,2.213616,16.77982433,3.650882776,29.65965914,6.126873621,27.04233759,10.18004144,22.92757863,44.0351161,19.75417771,50.33349775,24.43861244,88.56561187,15.52137623,98.80633604,0,0,163.352447055367,179.056483910793,92.8673563707677,0.805195413312248,-0.426472977073672,0.23960263260841,-0.0543519369646219,-0.00203307477772796,-0.0729110413321052
161,2.220512,16.77829491,3.653079544,29.65972299,6.13370994,27.0420691,10.32475337,22.9281156,43.74569224,19.7566903,50.33205722,24.09311168,89.02450337,15.7796226,98.54904615,0,0,164.096537972371,178.638036077566,93.0367539588877,0.744090917004627,-0.418447833226679,0.16939758812002,-0.061104496307621,0.00802514384699293,-0.0702050444883895
162,2.227408,16.77956368,3.650109766,29.65976492,6.131434301,27.0420691,10.32475337,23.07229057,44.03538458,19.74708861,50.32929791,24.20799441,89.02471651,15.7796226,98.54904615,0,0,164.764096042611,178.24961387379,93.1556106621179,0.667558070239465,-0.388422203776258,0.118856703230193,-0.0765328467651614,0.0300256294504209,-0.050540884889827
163,2.234304,16.78056513,3.64864674,29.65979155,6.129993749,27.33176145,10.18057841,23.0717536,44.32480845,19.73434608,50.32777272,23.86355936,88.90919436,15.77986171,98.42016208,0,0,165.341038768332,177.913524722243,93.2507539719924,0.576942725721153,-0.336089151546872,0.0951433098744729,-0.0906153445183122,0.0523330522293861,-0.0237133933557203
164,2.2412,16.7812413,3.652227019,29.65985659,6.126560678,27.32821892,10.18530207,23.07255905,43.89067265,19.7211954,50.33128176,23.74888977,88.79409849,15.78033995,98.16239395,0,0,165.819810191999,177.642265880119,93.3435965359689,0.478771423667098,-0.271258842123956,0.0928425639765607,-0.0981713020540553,0.0648303094229163,-0.00230074589791229
165,2.248096,16.78148299,2.780670655,29.65989248,6.129052955,27.32919031,10.18004172,23.07255905,43.89067265,19.71794677,50.32539846,23.40445471,88.67857633,15.13544139,98.4189665,0,0,166.200114726238,177.435473170145,93.4479579526725,0.380304534238377,-0.206792709974025,0.104361416703625,-0.0984668894287211,0.0644661321499314,0.0115188527270647
166,2.254992,16.77960361,3.793654181,29.65999588,6.131669494,27.32964095,10.17740502,23.07202208,44.18009652,19.70913811,50.32993881,23.51869802,89.02343767,15.13520227,98.54785056,0,0,166.489613484041,177.282677508717,93.5789882694275,0.289498757803756,-0.15279566142749,0.131030316754973,-0.0908057764346211,0.0539970485465346,0.026668900051348
167,2.261888,16.78065092,3.65236336,29.66003549,6.131692684,27.32616511,10.18378804,22.92757863,44.0351161,19.88513845,50.32909587,23.28957198,88.67836319,15.13496315,98.67673463,0,0,166.70362655016,177.16897960291,93.7482617442685,0.214013066119008,-0.113697905806816,0.169273474840949,-0.0754856916847473,0.0390977556206735,0.0382431580859759
168,2.268784,16.77955522,3.65274787,29.66006885,6.137444698,27.32682597,10.18260771,22.7828667,44.03484762,19.7223033,50.49132793,23.40466785,88.5636936,15.39320952,98.41944473,0,0,166.861026172209,177.079108873356,93.9420460233205,0.157399622048871,-0.0898707295548888,0.193784279052025,-0.0566134440701376,0.0238271762519275,0.0245108042110758
169,2.27568,16.7793537,3.654375917,29.66009102,6.13128267,27.32795961,10.17890536,22.78232974,44.32427148,19.55946816,50.65355998,23.28893256,89.02301139,15.65121676,98.2910389,0,0,166.977232872741,176.999657617576,94.1201554755755,0.116206700531905,-0.0794512557800147,0.178109452255015,-0.0411929215169664,0.0104194737748742,-0.0156748267970102
170,2.282576,16.78089161,3.649909563,29.66009111,6.136885759,27.32412242,10.18819429,22.78259822,44.17955955,20.04887823,49.67926302,23.28957198,88.67836319,15.00655732,98.41872738,0,0,167.060619688339,176.920977820262,94.2394129791727,0.0833868155976631,-0.0786797973130149,0.11925750359724,-0.0328198849342414,0.000771458466999775,-0.0588519486577752
171,2.289472,16.77985298,3.653984277,29.66011327,6.131794252,27.32564609,10.18498411,22.7828667,44.03484762,19.5603728,50.16595918,22.7145189,89.02194569,14.87815149,98.16072013,0,0,167.117582855425,176.836623096253,94.2727817488854,0.0569631670866499,-0.0843547240097564,0.033368769712709,-0.0264236485110132,-0.00567492669674152,-0.0858887338845307
172,2.296368,16.78067754,3.214806452,29.66017852,6.131703303,27.18678104,10.32502186,22.78367215,43.60071182,19.56067434,50.00342558,22.94471064,88.7926065,14.61990513,98.41801003,0,0,167.158984146034,176.742253803003,94.2176087181286,0.0414012906084338,-0.0943692932492866,-0.055173030756805,-0.0155618764782162,-0.0100145692395301,-0.088541800469514
173,2.303264,16.78073411,3.655423362,29.66033383,6.130798661,27.18651255,10.46973379,22.49317436,44.17902259,19.88574154,50.00402868,22.94428436,89.02237197,14.87815149,98.16072013,0,0,167.197971331489,176.63765436334,94.0973244312464,0.0389871854554826,-0.104599439662962,-0.120284286882196,-0.00241410515295115,-0.0102301464136758,-0.065111256125391
174,2.31016,16.78077004,3.654835914,29.66040662,6.131375089,27.33149297,10.32529034,22.34819394,44.32346604,19.5603728,50.16595918,22.9444975,88.90748924,14.61966601,98.54689409,0,0,167.242372952156,176.527964434073,93.9482412819134,0.0444016206662923,-0.109689929267034,-0.149083149333038,0.00541443521080964,-0.00509048960407199,-0.0287988624508415
175,2.317056,16.77964393,3.656546428,29.66049527,6.128325962,26.89789414,10.03506103,22.34873091,44.03404217,19.56097589,49.84089198,22.71494518,88.79218022,14.87767326,98.41848826,0,0,167.290420892318,176.421601140142,93.796303784592,0.0480479401626042,-0.106363293930968,-0.15193749732137,0.00364631949631189,0.00332663533606592,-0.00285434798833251
176,2.323952,16.78093017,3.6473711,29.66054411,6.129531046,27.04180062,10.46946531,22.7828667,44.03484762,19.3972361,50.49072483,22.82940163,89.02215883,15.00655732,98.41872738,0,0,167.33499389875,176.327619285089,93.6509068517175,0.0445730064318752,-0.0939818550533573,-0.145396932874519,-0.00347493373072894,0.0123814388776111,0.00654056444685125
177,2.330848,16.78071322,3.654121468,29.66064911,6.134158767,27.18651255,10.46973379,22.63708084,44.61342687,19.2353056,50.16535609,22.59942303,89.13661528,14.36165877,98.67529992,0,0,167.372255126836,176.254004886639,93.5177505845768,0.0372612280863507,-0.0736143984497346,-0.133156267140691,-0.00731177834552454,0.0203674566036227,0.0122406657338274
178,2.337744,16.7812145,2.925382587,29.66078952,6.12772061,26.75264524,10.32421641,22.63869173,43.74515527,19.39753765,50.32819123,22.71387948,89.36659388,14.10317329,99.06147388,0,0,167.40447299709,176.207780084359,93.4106172189979,0.0322178702536746,-0.046224802280733,-0.107133365578903,-0.00504335783267607,0.0273895961690016,0.0260229015617881
179,2.34464,16.7812238,3.652605027,29.66081069,6.128963878,26.60739634,10.61337179,22.63815477,44.03457914,19.07337509,49.83998734,22.36944442,89.25107173,14.23325294,98.41729268,0,0,167.438326969359,176.194954192096,93.3569166376996,0.0338539722685312,-0.0128258922626685,-0.0537005812983438,0.00163610201485653,0.0333989100180645,0.0534327842805595
180,2.351536,16.78100186,3.648265126,29.66121124,6.130683466,26.89735717,10.32448489,22.63815477,44.03457914,19.07337509,49.83998734,22.48517972,88.79175394,14.87767326,98.41848826,0,0,167.483618229604,176.217361850553,93.3871453470027,0.0452912602449658,0.0224076584571833,0.0302287093030742,0.0114372879764346,0.0352335507198518,0.083929290601418
181,2.358432,16.78120869,3.651234939,29.6612448,6.133294013,27.04153214,10.61417724,22.63815477,44.03457914,19.23560715,50.00282249,22.36965756,89.136189,14.10436887,98.41705356,0,0,167.548240870293,176.269264842154,93.5071764594231,0.0646226406893788,0.0519029916004001,0.120031112420492,0.0193313804444131,0.0294953331432168,0.0898024031174174
182,2.365328,16.78067754,3.214806452,29.66129267,6.133306359,27.0420691,10.32475337,22.63842325,43.8898672,19.39814074,50.00312404,22.59942303,89.13661528,14.1048471,98.15928543,0,0,167.631593415933,176.338263718859,93.6886635344798,0.0833525456397979,0.0689988767052512,0.18148707505668,0.018729904950419,0.017095885104851,0.0614559626361881
183,2.372224,16.78102449,3.651247736,29.66131307,6.131733845,27.04233759,10.18004144,22.059844,43.74408134,19.3972361,50.49072483,22.14031838,88.90599725,14.1034124,98.93258982,0,0,167.723984585277,176.409379931301,93.8892080472227,0.0923911693445802,0.0711162124417513,0.200544512742866,0.00903862370478237,0.00211733573650008,0.0190574376861861
184,2.37912,16.77524476,3.659530133,29.66132211,6.130985303,26.89762565,10.17977296,22.34846242,44.1787541,19.23500405,50.32788969,22.02479623,89.25043231,14.362137,98.41753179,0,0,167.811254151828,176.467437906772,94.0681839970601,0.0872695665502761,0.0580579754713426,0.178975949837408,-0.00512160279430418,-0.0130582369704086,-0.0215685629054576
185,2.386016,16.77364939,3.660332235,29.66141464,6.127321605,26.89708869,10.46919683,22.34873091,44.03404217,18.90933376,50.65235379,22.25498797,89.02109312,13.97476746,98.80346664,0,0,167.880659938858,176.499084043017,94.1879563896761,0.0694057870304903,0.0316461362447171,0.119772392615985,-0.0178637795197858,-0.0264118392266255,-0.0592035572214229
186,2.392912,16.77410437,3.659222283,29.66145179,6.125409884,26.89708869,10.46919683,22.059844,43.74408134,19.23500405,50.32788969,22.13946582,89.36552818,13.97524569,98.54569851,0,0,167.923772878903,176.498806720891,94.2198252172962,0.0431129400450061,-0.000277322126009949,0.0318688276201584,-0.0262928469854842,-0.0319234583707271,-0.0879035649958269
187,2.399808,16.77341998,3.658439006,29.66154636,6.133489094,26.60766482,10.46865986,22.059844,43.74408134,19.07307355,50.00252094,21.9099135,89.25021917,13.71723844,98.67410434,0,0,167.936046258837,176.4720480207,94.1529605365734,0.0122733799342996,-0.0267587001911238,-0.0668646807228299,-0.0308395601107065,-0.0264813780651139,-0.0987335083429883
188,2.406704,16.77482922,3.657268853,29.66183079,6.131382926,26.89682021,10.61390876,22.059844,43.74408134,18.90993685,50.32728659,22.02500937,89.13554958,13.45947031,98.6736261,0,0,167.917984392632,176.430088010849,93.9956382021883,-0.0180618662054428,-0.0419600098501292,-0.1573223343851,-0.0303352461397424,-0.0152013096590053,-0.0904576536622699
189,2.4136,16.77525848,3.659125251,29.66252916,6.128319378,26.89708869,10.46919683,22.05930704,44.03350521,18.7477048,50.16445145,22.25477483,89.13597586,13.45899208,98.93139423,0,0,167.873739998692,176.386745180776,93.7707391526073,-0.0442443939395787,-0.0433428300731578,-0.224899049581026,-0.0261825277341359,-0.0013828202230286,-0.0675767151959263
